id,fullname,job,gender,city,salary,birthday
1,Gordon Rubinovitch,artist,Male,San Jose,2522,1977-06-14
2,Giffer Fihelly,scientist,Male,New York,2059,1977-11-25
3,Clim Floch,architect,Male,Phoenix,6675,1973-05-31
4,Latashia Dochon,scientist,Female,Philadelphia,6276,1965-05-27
5,Judas Tiebe,artist,Male,San Jose,2455,1971-07-17
6,Padraig Stockings,teacher,Male,San Diego,3945,1971-04-02
7,Ross Matschuk,writer,Male,San Diego,9767,1973-02-04
8,Nance Physic,teacher,Female,Phoenix,5212,1974-09-19
9,Nichols Molloy,architect,Male,Chicago,7026,1991-07-13
10,Hilary Gorman,doctor,Male,Los Angeles,6292,1970-04-01
11,Ruddy Tejada,teacher,Male,Phoenix,9806,1984-03-27
12,Karine Sidebotham,scientist,Female,Phoenix,8052,1976-01-03
13,Rollins Cudbird,athlete,Male,New York,8418,1961-07-10
14,Adelbert Doak,doctor,Male,Philadelphia,9055,1979-09-18
15,Norma Buie,teacher,Female,San Jose,9950,1964-05-21
16,Agathe Isakov,engineer,Female,Philadelphia,5678,1962-04-14
17,Rozella Plevin,athlete,Female,Philadelphia,4804,1979-07-18
18,Emlyn Haensel,architect,Female,Dallas,3874,1992-07-04
19,Erin Pagden,musician,Female,Los Angeles,6551,1995-05-04
20,Brand Willmett,athlete,Male,Dallas,2949,1992-11-11
21,Gordie Tassell,doctor,Male,Houston,4084,2000-03-17
22,Riley Luety,architect,Male,Philadelphia,5407,1997-03-21
23,Cathe Hedges,teacher,Female,Philadelphia,1309,1979-03-13
24,Milton McManamen,athlete,Male,Los Angeles,9253,1988-04-05
25,Morena Fuller,writer,Female,Dallas,6970,1998-09-06
26,Nevin Flecknell,musician,Male,Chicago,8212,1972-10-24
27,Gaston Wyeth,writer,Male,Los Angeles,5508,1963-05-08
28,Pansie Petrulis,architect,Female,Chicago,7952,1999-03-10
29,Walton Le Page,artist,Male,New York,5949,1982-01-13
30,Maybelle Annand,teacher,Female,Philadelphia,8153,1986-08-18
31,Sheilakathryn Wynn,chef,Female,Philadelphia,2739,1993-02-09
32,Sherlock Goodbanne,engineer,Male,Chicago,8314,1990-07-12
33,Harlan Millea,writer,Male,Phoenix,9710,1985-06-25
34,Warner Hellings,athlete,Male,Los Angeles,7635,1966-01-19
35,Karee Welman,writer,Female,Phoenix,4654,1989-11-16
36,Maurice Whitton,teacher,Male,San Antonio,9247,1991-06-13
37,Korney Ruzic,chef,Female,San Jose,9897,1970-06-24
38,Kendell Cowpland,artist,Male,Chicago,5195,1984-07-11
39,Harlen Bessant,athlete,Male,San Diego,9715,1994-06-07
40,Bryant Jirka,writer,Male,Dallas,5715,1970-03-08
41,Javier Simionescu,architect,Male,Philadelphia,5632,2000-04-26
42,Gaylene Stearn,engineer,Female,Phoenix,8033,1970-12-03
43,Jan Heinl,teacher,Female,Los Angeles,2184,1984-03-29
44,Annora Dowers,scientist,Female,Dallas,9005,1990-07-15
45,Hillel Duesberry,musician,Male,Phoenix,1817,1981-04-15
46,Nicolle Walch,scientist,Female,Los Angeles,2655,1965-12-01
47,Kendra Sayle,chef,Female,Houston,9508,1984-01-10
48,Elliot Larwood,athlete,Male,San Jose,1643,1971-11-16
49,Marven MacCumiskey,musician,Male,San Antonio,7868,1986-01-24
50,Thane Turpie,doctor,Male,San Diego,3909,1986-12-25
51,Pace Crossgrove,teacher,Male,Los Angeles,4092,1968-11-15
52,Sheffie Tethcote,teacher,Male,Chicago,3500,1971-08-18
53,Merrile Zannotelli,artist,Female,Houston,4608,1980-01-28
54,Antonia De Gouy,writer,Female,San Antonio,6018,1974-03-23
55,Lenora Haines,engineer,Female,Chicago,3763,1982-03-13
56,Mala Beers,teacher,Female,Philadelphia,3277,1961-03-31
57,Brana Bussens,doctor,Female,Houston,3431,1982-09-18
58,Read Bilborough,engineer,Male,San Diego,1692,1974-05-04
59,Idette Falvey,chef,Female,Dallas,4810,1962-06-12
60,Cara Cowlard,engineer,Female,San Diego,4289,1982-06-10
61,Marinna Kubicek,engineer,Female,San Antonio,5607,1995-07-23
62,Tamas Rawstorn,doctor,Male,San Diego,1664,1991-02-24
63,Brooke Scantlebury,doctor,Male,Phoenix,3702,1976-01-23
64,Gherardo Bodell,engineer,Male,Los Angeles,5823,1973-06-06
65,Andrew Rudinger,writer,Male,New York,1686,1967-09-20
66,Mervin Gerson,scientist,Male,San Diego,9106,1993-08-05
67,Klarika Kepp,chef,Female,San Antonio,8001,1983-11-19
68,Amalle Aldam,artist,Female,Philadelphia,3931,1963-11-21
69,Sybille Barday,athlete,Female,Chicago,6724,1977-04-08
70,Doralynne Bowller,doctor,Female,Los Angeles,7980,1967-03-19
71,Rafa Hexum,scientist,Female,Los Angeles,2993,1964-02-13
72,Millie Drohan,artist,Female,Chicago,6870,1995-06-18
73,Phip Hebditch,artist,Male,Chicago,6988,1967-04-30
74,Aldis Seelbach,architect,Male,Los Angeles,3713,1983-04-02
75,Deidre Olligan,scientist,Female,San Antonio,5561,1980-04-18
76,Poul Really,chef,Male,Phoenix,9042,1986-04-13
77,Lin Patinkin,artist,Female,Houston,2150,1997-01-14
78,Jaquenette Zimmer,teacher,Female,New York,9496,1966-04-02
79,Roosevelt Boshell,artist,Male,Philadelphia,7043,1962-10-07
80,Kial Gladeche,engineer,Female,Chicago,3900,1984-11-25
81,Wilek Lusty,scientist,Male,New York,1910,1974-10-12
82,Jacinda Cripin,architect,Female,Dallas,4828,1963-12-28
83,Delmor Rottenbury,engineer,Male,New York,5991,1961-12-29
84,Whitney Rosengart,doctor,Female,San Diego,8029,1980-02-26
85,Emmett Hook,scientist,Male,New York,4712,1970-11-20
86,Ulrick Reilingen,architect,Male,San Antonio,6141,1967-08-13
87,Dehlia Philbrook,architect,Female,New York,1762,1998-10-10
88,Joanna Pesik,architect,Female,New York,2796,1969-09-21
89,Chryste Bawme,chef,Female,New York,7870,1971-03-03
90,Letty Winspeare,chef,Female,San Antonio,7351,1991-05-14
91,Harley Paeckmeyer,architect,Female,Phoenix,9556,1991-10-24
92,Tiertza Boullin,athlete,Female,New York,4747,1978-06-12
93,Nathanael Coxall,engineer,Male,Los Angeles,1458,1964-08-26
94,Binky Ledgerton,writer,Male,San Antonio,9114,1980-08-19
95,Jodi Gymblett,athlete,Male,Phoenix,7130,1997-05-11
96,Matti Rome,writer,Female,Chicago,4102,1998-01-12
97,Marshall Shepeard,athlete,Male,Philadelphia,6475,1962-04-08
98,Berkeley Helder,scientist,Male,Phoenix,1848,1982-12-04
99,Pooh Jerams,writer,Male,Phoenix,3876,1998-09-27
100,Cletus De Maine,musician,Male,Houston,1687,1986-02-05
101,Tania Blatherwick,engineer,Female,San Diego,7570,1992-12-24
102,Arabelle Easom,scientist,Female,San Antonio,7931,1999-06-08
103,Carlita Dodamead,engineer,Female,San Antonio,1187,1966-06-20
104,Geneva Hagley,engineer,Female,San Antonio,5412,1984-11-04
105,Mersey MacFaell,architect,Female,New York,4123,1961-04-17
106,Karole Amos,musician,Female,San Diego,6933,1996-03-02
107,Hersh MacMearty,writer,Male,San Antonio,6845,1962-01-23
108,Fredia Rose,doctor,Female,Los Angeles,8155,1989-09-19
109,Annette Maplestone,musician,Female,Los Angeles,6993,1970-09-24
110,Gladi Hullah,artist,Female,New York,4693,1965-01-29
111,Angelina Pitway,architect,Female,New York,9596,1970-08-07
112,Carce Skates,chef,Male,Los Angeles,3069,1995-07-26
113,Goran Trethewey,writer,Male,Chicago,7550,1970-11-21
114,Larry Lukasen,scientist,Male,San Antonio,7061,1974-08-19
115,Francklin Whitworth,athlete,Male,San Antonio,5209,1987-12-25
116,Lula Miskimmon,athlete,Female,New York,4679,1981-06-11
117,Erroll Commucci,engineer,Male,Philadelphia,8948,1961-03-12
118,Jud Casley,musician,Male,New York,3796,1968-12-17
119,Edd Drust,doctor,Male,New York,7151,1983-07-01
120,Kristan Ingraham,doctor,Female,San Antonio,10000,1990-07-31
121,Hewett Wildish,artist,Male,Los Angeles,9300,1966-07-31
122,Meggi Stacey,writer,Female,Phoenix,6081,1965-02-07
123,Jasper Panchin,athlete,Male,San Antonio,4557,1963-03-20
124,Sayer Matura,musician,Male,New York,7380,1983-02-13
125,Kassi Grono,chef,Female,New York,7297,1985-08-28
126,Keith Sheara,teacher,Male,Philadelphia,9563,1969-02-20
127,Jerrome Eggar,chef,Male,New York,4593,1964-09-06
128,Michail Wardhaw,chef,Male,San Antonio,6860,1989-07-03
129,Garret Sibley,scientist,Male,Chicago,6920,1994-11-15
130,Myriam Gedney,engineer,Female,New York,1561,1983-04-29
131,Filmore Kinnar,scientist,Male,Philadelphia,7171,1990-06-17
132,Zared Tosh,artist,Male,Houston,5444,1971-01-04
133,Ivett Gilman,writer,Female,Philadelphia,8555,1999-11-24
134,Brucie Knowlys,scientist,Male,Dallas,2617,1993-09-06
135,Mab Tarborn,musician,Female,Houston,6534,1968-08-31
136,Elianore Bickerstaff,architect,Female,Phoenix,6890,1979-06-15
137,Woodrow Pawlick,writer,Male,San Antonio,7757,1993-06-17
138,Dionne Thomasset,musician,Female,Houston,5433,1988-06-03
139,Normy Staves,artist,Male,Phoenix,7061,1974-04-30
140,Carolyn Hagerty,musician,Female,Los Angeles,3702,1975-07-24
141,Ayn Milmore,musician,Female,Dallas,6738,1993-12-18
142,Pamelina Garrie,doctor,Female,Dallas,2527,2000-04-25
143,Queenie Jirusek,engineer,Female,New York,4115,1979-04-17
144,Waverley Haller,architect,Male,Chicago,8707,1986-11-22
145,Vic Bielfeld,engineer,Male,Dallas,5450,1987-04-10
146,Frans Sedworth,architect,Male,Philadelphia,6985,1973-01-07
147,Florella Ossipenko,athlete,Female,San Jose,9761,1993-02-26
148,Goddart Kirwan,athlete,Male,Phoenix,1481,1992-05-08
149,Nevsa Smalcombe,chef,Female,Dallas,6651,2000-12-05
150,Rosamund Dow,scientist,Female,Chicago,3907,1973-12-16
151,Berry Whicher,writer,Female,Philadelphia,1128,1983-12-14
152,Krystal Melanaphy,artist,Female,Phoenix,7128,1993-11-28
153,Isis Hellwing,athlete,Female,San Antonio,3203,1978-09-13
154,Alena Finker,athlete,Female,Houston,4140,1983-12-07
155,Matthaeus Eadmeads,chef,Male,Los Angeles,2972,1970-02-08
156,Cinda Hegley,teacher,Female,Dallas,3547,1972-10-12
157,Tabor Claffey,scientist,Male,New York,7127,1967-07-31
158,Isaak Braybrooke,doctor,Male,New York,1034,2000-09-10
159,Flossy Glassford,scientist,Female,Los Angeles,2168,1998-12-19
160,Rollo Turvey,musician,Male,Philadelphia,8917,1989-02-26
161,Thorsten Cantillion,chef,Male,San Jose,3199,1988-10-11
162,Sher Edmondson,athlete,Female,Phoenix,2494,1967-03-14
163,Markus Thornally,doctor,Male,Los Angeles,1192,1996-05-15
164,Martainn Ballinghall,artist,Male,Los Angeles,3468,1974-02-13
165,Dominique McGing,architect,Male,San Jose,5511,1983-09-09
166,Nertie Dalinder,writer,Female,Philadelphia,8077,1980-02-22
167,Lionel Barnicott,musician,Male,New York,1021,1979-05-22
168,Joete Redgate,teacher,Female,New York,4651,1966-01-01
169,Clare Covington,engineer,Female,Chicago,9682,1984-03-14
170,Mireille Dmitrievski,chef,Female,San Jose,8322,1966-06-22
171,Barri Fulloway,artist,Male,Los Angeles,8536,1977-12-17
172,Kinsley Jozefowicz,engineer,Male,San Diego,8086,1972-05-12
173,Theda Whimp,scientist,Female,San Jose,6430,1975-07-26
174,Clemmy Goodburn,athlete,Male,Los Angeles,2260,1973-08-07
175,Caldwell Glass,engineer,Male,New York,5915,1972-09-18
176,Andie Cunnah,musician,Male,Houston,3235,1987-12-07
177,Richie Worvill,chef,Male,Dallas,3845,1997-03-17
178,Helga Waugh,scientist,Female,San Diego,3231,1986-08-11
179,Goraud Lynthal,writer,Male,Dallas,1894,1976-10-21
180,Maddie Benoit,athlete,Female,Dallas,5015,1992-03-23
181,Joaquin Reyne,doctor,Male,Phoenix,7973,1968-05-20
182,Fredrick Sturdgess,musician,Male,Houston,9994,1975-07-08
183,Claudian Foskett,artist,Male,Dallas,6704,1973-01-29
184,Jojo LeEstut,engineer,Female,San Diego,6661,1999-12-03
185,Kaitlyn McVeighty,writer,Female,San Jose,1802,1974-08-07
186,Mathew Gall,writer,Male,New York,8046,1966-03-15
187,Kissee Crittal,artist,Female,Dallas,4918,1987-08-20
188,Randy Schapero,chef,Female,Chicago,8231,1983-04-23
189,Elane Cogzell,musician,Female,Los Angeles,1886,1999-02-26
190,Eydie Bayston,doctor,Female,Chicago,4274,1988-05-30
191,Eryn Hospital,musician,Female,Dallas,7431,1962-09-12
192,Sidnee Petrushkevich,scientist,Male,Chicago,4179,1981-12-04
193,Ebony Rarity,musician,Female,New York,3310,1965-02-11
194,Simeon Baily,doctor,Male,Phoenix,3311,1962-06-29
195,Link Babst,architect,Male,Los Angeles,2759,1987-03-26
196,Candide Rolstone,scientist,Female,Houston,3324,1985-07-21
197,Wilow Ostick,writer,Female,New York,4006,1982-02-14
198,Jamal Scrymgeour,artist,Male,Houston,4313,1992-09-29
199,Stephani Blaksley,scientist,Female,Philadelphia,7634,1981-10-26
200,Burch Buckby,doctor,Male,San Jose,8070,1982-12-25
